<?xml version="1.0" encoding="UTF-8"?>
<!DOCTYPE mapper
PUBLIC "-//mybatis.org//DTD Mapper 3.0//EN"
"http://mybatis.org/dtd/mybatis-3-mapper.dtd">
<mapper namespace="mybatis.noticeMapper">
	
	<!-- 게시글 목록 -->
	<!-- <select id="getNoticeList" parameterType="java.util.Map" resultType="noticeDTO">
		<![CDATA[ select seq, title, content, hit, to_char(logtime, 'YYYY-MM-DD')as logtime from 
		(select rownum rn, tt. * from 
		(select * from ew_notice order by seq asc) tt) 
		where rn>=#{startNum} and rn<=#{endNum} ]]>		
	</select> -->
	
	<!-- 게시글 목록 & 페이징 처리-->
	<select id = "noticeListPage" resultType="noticeDTO" parameterType="com.ezenit.eroupware.board.notice.bean.SearchCriteria">
	select seq, title, content, hit, to_char(logtime, 'YYYY-MM-DD')as logtime from (select seq, title, content, hit, logtime, row_number() over 
	(order by seq desc) as rnum from ew_notice where 1=1 <include refid="search"></include>) EW where rnum between #{rowStart} and #{rowEnd} order by seq desc
	</select>
	
	<!-- 게시글 총 갯수 -->
	<select id="noticeListCount" resultType="int" parameterType="com.ezenit.eroupware.board.notice.bean.SearchCriteria">
		select count(seq) from ew_notice where 1=1 <include refid="search"></include> and seq>0
	</select>
	
	<!-- 검색기능 --> 
	<sql id="search">
		<if test="searchType != null">
			<if test="searchType == 't'.toString()">AND TITLE LIKE '%' || #{keyword} || '%'</if>
			<if test="searchType == 'c'.toString()">AND CONTENT LIKE '%' || #{keyword} || '%'</if>
			<if test="searchType == 'tc'.toString()">AND (TITLE LIKE '%' || #{keyword} || '%') or (CONTENT LIKE '%' || #{keyword} || '%')</if>
		</if>
	</sql>
	
	<!-- 게시글 조회수 -->
	<update id="updateHit" parameterType="int">
		update ew_notice set hit = hit+1 where seq=#{seq}
	</update>
	
	<!-- 게시글 상세보기 -->
	<select id="noticeView" parameterType="int" resultType="noticeDTO">
		select * from ew_notice where seq=#{seq}
	</select>
	
	<!-- 게시글 작성 -->
	<insert id="noticeWrite" parameterType="noticeDTO">
		insert into ew_notice values (
		seq_ew_notice.nextVal, 
		#{title}, 
		#{content},
		<if test="filepath != null">
		#{filepath}, 
		</if>
		<if test="filepath == null">
		null,
		</if>
		sysdate,
		0
		)
	</insert>
	
	<!-- 게시글 수정 -->
	<update id="noticeUpdate" parameterType="noticeDTO" >
		update ew_notice 
			set 
				title=#{title},
				<if test="filepath != null">
				filepath = #{filepath}, 
				</if>
				content=#{content} 
			where seq=#{seq}	
	</update>
	
	<!-- 게시글 삭제 -->
	<delete id="noticeDelete" parameterType="int">
		delete ew_notice where seq=#{seq}
	</delete>
	
</mapper>