<?xml version="1.0" encoding="UTF-8"?>
<beans:beans xmlns="http://www.springframework.org/schema/mvc"
	xmlns:xsi="http://www.w3.org/2001/XMLSchema-instance"
	xmlns:beans="http://www.springframework.org/schema/beans"
	xmlns:context="http://www.springframework.org/schema/context"
	xsi:schemaLocation="http://www.springframework.org/schema/mvc https://www.springframework.org/schema/mvc/spring-mvc.xsd
		http://www.springframework.org/schema/beans https://www.springframework.org/schema/beans/spring-beans.xsd
		http://www.springframework.org/schema/context https://www.springframework.org/schema/context/spring-context.xsd">

	<!-- DispatcherServlet Context: defines this servlet's request-processing infrastructure -->
	 
	<interceptors>  
		<interceptor>
			<mapping path="/*" />  
			<exclude-mapping path="/login"/> <!-- 제외하는 url -->
			<exclude-mapping path="/join"/> <!-- 제외하는 url -->
			<exclude-mapping path="/idCheck"/> <!-- 제외하는 url -->
			<beans:bean class="com.ezenit.eroupware.commons.controller.LoginCheckInterceptor" />
		</interceptor>
	</interceptors>
	
	<!-- Enables the Spring MVC @Controller programming model -->
	<annotation-driven />

	<!-- Handles HTTP GET requests for /resources/** by efficiently serving up static resources in the ${webappRoot}/resources directory -->
	<resources mapping="/resources/**" location="/resources/" />

	<!-- Resolves views selected for rendering by @Controllers to .jsp resources in the /WEB-INF/views directory -->
	<beans:bean class="org.springframework.web.servlet.view.InternalResourceViewResolver">
		<beans:property name="prefix" value="/WEB-INF/views/" />
		<beans:property name="suffix" value=".jsp" />
	</beans:bean>
	
	<!-- 빈 등록 스캔 -->
	<context:component-scan base-package="com.ezenit.eroupware" />
	
	<!-- viewResolver order 2번째 -->
	<beans:bean id="viewResolver" class="org.springframework.web.servlet.view.InternalResourceViewResolver">
	    <beans:property name="prefix" value="/views/" />
	    <beans:property name="suffix" value=".jsp" />
	    <beans:property name="order" value="2" />
	</beans:bean>
	
	<!-- tiles 설정 order 1번째 -->
	<beans:bean id="tilesViewResolver" class="org.springframework.web.servlet.view.UrlBasedViewResolver">
	    <beans:property name="viewClass" value="org.springframework.web.servlet.view.tiles3.TilesView" />
	    <beans:property name="order" value="1" />
	</beans:bean>
	 
	<beans:bean id="tilesConfigurer" class="org.springframework.web.servlet.view.tiles3.TilesConfigurer">
	    <beans:property name="definitions">
	        <beans:list>
	            <beans:value>/WEB-INF/tiles/tiles-def.xml</beans:value>
	        </beans:list> 
	    </beans:property>
	    <beans:property name="preparerFactoryClass" value="org.springframework.web.servlet.view.tiles3.SpringBeanPreparerFactory"/>
	</beans:bean>
	<!-- tiles 설정 끝 -->
	
	<!-- 파일업로드 -->
	<beans:bean id="multipartResolver" 
		class="org.springframework.web.multipart.commons.CommonsMultipartResolver">
		<beans:property name="maxUploadSize" value="5000000"/>
		<beans:property name="defaultEncoding" value="UTF-8"/>
	</beans:bean>
	
</beans:beans>
